ISO3166-1-Alpha-2,country,emoji,svg
AF,Afghanistan,ğŸ‡¦ğŸ‡«,1f1e6-1f1eb.svg
AX,Aland Islands,ğŸ‡¦ğŸ‡½,1f1e6-1f1fd.svg
AL,Albania,ğŸ‡¦ğŸ‡±,1f1e6-1f1f1.svg
DZ,Algeria,ğŸ‡©ğŸ‡¿,1f1e9-1f1ff.svg
AS,American Samoa,ğŸ‡¦ğŸ‡¸,1f1e6-1f1f8.svg
AD,Andorra,ğŸ‡¦ğŸ‡©,1f1e6-1f1e9.svg
AO,Angola,ğŸ‡¦ğŸ‡´,1f1e6-1f1f4.svg
AI,Anguilla,ğŸ‡¦ğŸ‡®,1f1e6-1f1ee.svg
AQ,Antarctica,ğŸ‡¦ğŸ‡¶,1f1e6-1f1f6.svg
AG,Antigua Barbuda,ğŸ‡¦ğŸ‡¬,1f1e6-1f1ec.svg
AR,Argentina,ğŸ‡¦ğŸ‡·,1f1e6-1f1f7.svg
AM,Armenia,ğŸ‡¦ğŸ‡²,1f1e6-1f1f2.svg
AW,Aruba,ğŸ‡¦ğŸ‡¼,1f1e6-1f1fc.svg
AC,Ascension Island,ğŸ‡¦ğŸ‡¨,1f1e6-1f1e8.svg
AU,Australia,ğŸ‡¦ğŸ‡º,1f1e6-1f1fa.svg
AT,Austria,ğŸ‡¦ğŸ‡¹,1f1e6-1f1f9.svg
AZ,Azerbaijan,ğŸ‡¦ğŸ‡¿,1f1e6-1f1ff.svg
BS,Bahamas,ğŸ‡§ğŸ‡¸,1f1e7-1f1f8.svg
BH,Bahrain,ğŸ‡§ğŸ‡­,1f1e7-1f1ed.svg
BD,Bangladesh,ğŸ‡§ğŸ‡©,1f1e7-1f1e9.svg
BB,Barbados,ğŸ‡§ğŸ‡§,1f1e7-1f1e7.svg
BY,Belarus,ğŸ‡§ğŸ‡¾,1f1e7-1f1fe.svg
BE,Belgium,ğŸ‡§ğŸ‡ª,1f1e7-1f1ea.svg
BZ,Belize,ğŸ‡§ğŸ‡¿,1f1e7-1f1ff.svg
BJ,Benin,ğŸ‡§ğŸ‡¯,1f1e7-1f1ef.svg
BM,Bermuda,ğŸ‡§ğŸ‡²,1f1e7-1f1f2.svg
BT,Bhutan,ğŸ‡§ğŸ‡¹,1f1e7-1f1f9.svg
BO,Bolivia,ğŸ‡§ğŸ‡´,1f1e7-1f1f4.svg
BA,Bosnia Herzegovina,ğŸ‡§ğŸ‡¦,1f1e7-1f1e6.svg
BW,Botswana,ğŸ‡§ğŸ‡¼,1f1e7-1f1fc.svg
BV,Bouvet Island,ğŸ‡§ğŸ‡»,1f1e7-1f1fb.svg
BR,Brazil,ğŸ‡§ğŸ‡·,1f1e7-1f1f7.svg
IO,British Indian Ocean Territory,ğŸ‡®ğŸ‡´,1f1ee-1f1f4.svg
VG,British Virgin Islands,ğŸ‡»ğŸ‡¬,1f1fb-1f1ec.svg
BN,Brunei,ğŸ‡§ğŸ‡³,1f1e7-1f1f3.svg
BG,Bulgaria,ğŸ‡§ğŸ‡¬,1f1e7-1f1ec.svg
BF,Burkina Faso,ğŸ‡§ğŸ‡«,1f1e7-1f1eb.svg
BI,Burundi,ğŸ‡§ğŸ‡®,1f1e7-1f1ee.svg
KH,Cambodia,ğŸ‡°ğŸ‡­,1f1f0-1f1ed.svg
CM,Cameroon,ğŸ‡¨ğŸ‡²,1f1e8-1f1f2.svg
CA,Canada,ğŸ‡¨ğŸ‡¦,1f1e8-1f1e6.svg
IC,Canary Islands,ğŸ‡®ğŸ‡¨,1f1ee-1f1e8.svg
CV,Cape Verde,ğŸ‡¨ğŸ‡»,1f1e8-1f1fb.svg
BQ,Caribbean Netherlands,ğŸ‡§ğŸ‡¶,1f1e7-1f1f6.svg
KY,Cayman Islands,ğŸ‡°ğŸ‡¾,1f1f0-1f1fe.svg
CF,Central African Republic,ğŸ‡¨ğŸ‡«,1f1e8-1f1eb.svg
EA,Ceuta Melilla,ğŸ‡ªğŸ‡¦,1f1ea-1f1e6.svg
TD,Chad,ğŸ‡¹ğŸ‡©,1f1f9-1f1e9.svg
CL,Chile,ğŸ‡¨ğŸ‡±,1f1e8-1f1f1.svg
CX,Christmas Island,ğŸ‡¨ğŸ‡½,1f1e8-1f1fd.svg
CP,Clipperton Island,ğŸ‡¨ğŸ‡µ,1f1e8-1f1f5.svg
CN,China,ğŸ‡¨ğŸ‡³,1f1e8-1f1f3.svg
CC,Cocos Islands,ğŸ‡¨ğŸ‡¨,1f1e8-1f1e8.svg
CO,Colombia,ğŸ‡¨ğŸ‡´,1f1e8-1f1f4.svg
KM,Comoros,ğŸ‡°ğŸ‡²,1f1f0-1f1f2.svg
CG,Congo Brazzaville,ğŸ‡¨ğŸ‡¬,1f1e8-1f1ec.svg
CD,Congo Kinshasa,ğŸ‡¨ğŸ‡©,1f1e8-1f1e9.svg
CK,Cook Islands,ğŸ‡¨ğŸ‡°,1f1e8-1f1f0.svg
CR,Costa Rica,ğŸ‡¨ğŸ‡·,1f1e8-1f1f7.svg
CI,Cote Divoire,ğŸ‡¨ğŸ‡®,1f1e8-1f1ee.svg
HR,Croatia,ğŸ‡­ğŸ‡·,1f1ed-1f1f7.svg
CU,Cuba,ğŸ‡¨ğŸ‡º,1f1e8-1f1fa.svg
CW,Curacao,ğŸ‡¨ğŸ‡¼,1f1e8-1f1fc.svg
CY,Cyprus,ğŸ‡¨ğŸ‡¾,1f1e8-1f1fe.svg
CZ,Czech Republic,ğŸ‡¨ğŸ‡¿,1f1e8-1f1ff.svg
DE,Germany,ğŸ‡©ğŸ‡ª,1f1e9-1f1ea.svg
DK,Denmark,ğŸ‡©ğŸ‡°,1f1e9-1f1f0.svg
DG,Diego Garcia,ğŸ‡©ğŸ‡¬,1f1e9-1f1ec.svg
DJ,Djibouti,ğŸ‡©ğŸ‡¯,1f1e9-1f1ef.svg
DM,Dominica,ğŸ‡©ğŸ‡²,1f1e9-1f1f2.svg
DO,Dominican Republic,ğŸ‡©ğŸ‡´,1f1e9-1f1f4.svg
EC,Ecuador,ğŸ‡ªğŸ‡¨,1f1ea-1f1e8.svg
EG,Egypt,ğŸ‡ªğŸ‡¬,1f1ea-1f1ec.svg
SV,El Salvador,ğŸ‡¸ğŸ‡»,1f1f8-1f1fb.svg
GQ,Equatorial Guinea,ğŸ‡¬ğŸ‡¶,1f1ec-1f1f6.svg
ER,Eritrea,ğŸ‡ªğŸ‡·,1f1ea-1f1f7.svg
ES,Spain,ğŸ‡ªğŸ‡¸,1f1ea-1f1f8.svg
EE,Estonia,ğŸ‡ªğŸ‡ª,1f1ea-1f1ea.svg
ET,Ethiopia,ğŸ‡ªğŸ‡¹,1f1ea-1f1f9.svg
EU,European Union,ğŸ‡ªğŸ‡º,1f1ea-1f1fa.svg
FK,Falkland Islands,ğŸ‡«ğŸ‡°,1f1eb-1f1f0.svg
FO,Faroe Islands,ğŸ‡«ğŸ‡´,1f1eb-1f1f4.svg
FJ,Fiji,ğŸ‡«ğŸ‡¯,1f1eb-1f1ef.svg
FI,Finland,ğŸ‡«ğŸ‡®,1f1eb-1f1ee.svg
FR,France,ğŸ‡«ğŸ‡·,1f1eb-1f1f7.svg
GF,French Guiana,ğŸ‡¬ğŸ‡«,1f1ec-1f1eb.svg
PF,French Polynesia,ğŸ‡µğŸ‡«,1f1f5-1f1eb.svg
TF,French Southern Territories,ğŸ‡¹ğŸ‡«,1f1f9-1f1eb.svg
GA,Gabon,ğŸ‡¬ğŸ‡¦,1f1ec-1f1e6.svg
GM,Gambia,ğŸ‡¬ğŸ‡²,1f1ec-1f1f2.svg
GB,United Kingdom,ğŸ‡¬ğŸ‡§,1f1ec-1f1e7.svg
GE,Georgia,ğŸ‡¬ğŸ‡ª,1f1ec-1f1ea.svg
GH,Ghana,ğŸ‡¬ğŸ‡­,1f1ec-1f1ed.svg
GI,Gibraltar,ğŸ‡¬ğŸ‡®,1f1ec-1f1ee.svg
GR,Greece,ğŸ‡¬ğŸ‡·,1f1ec-1f1f7.svg
GL,Greenland,ğŸ‡¬ğŸ‡±,1f1ec-1f1f1.svg
GD,Grenada,ğŸ‡¬ğŸ‡©,1f1ec-1f1e9.svg
GP,Guadeloupe,ğŸ‡¬ğŸ‡µ,1f1ec-1f1f5.svg
GU,Guam,ğŸ‡¬ğŸ‡º,1f1ec-1f1fa.svg
GT,Guatemala,ğŸ‡¬ğŸ‡¹,1f1ec-1f1f9.svg
GG,Guernsey,ğŸ‡¬ğŸ‡¬,1f1ec-1f1ec.svg
GN,Guinea,ğŸ‡¬ğŸ‡³,1f1ec-1f1f3.svg
GW,Guinea Bissau,ğŸ‡¬ğŸ‡¼,1f1ec-1f1fc.svg
GY,Guyana,ğŸ‡¬ğŸ‡¾,1f1ec-1f1fe.svg
HT,Haiti,ğŸ‡­ğŸ‡¹,1f1ed-1f1f9.svg
HM,Heard Mcdonald Islands,ğŸ‡­ğŸ‡²,1f1ed-1f1f2.svg
HN,Honduras,ğŸ‡­ğŸ‡³,1f1ed-1f1f3.svg
HK,Hong Kong,ğŸ‡­ğŸ‡°,1f1ed-1f1f0.svg
HU,Hungary,ğŸ‡­ğŸ‡º,1f1ed-1f1fa.svg
IS,Iceland,ğŸ‡®ğŸ‡¸,1f1ee-1f1f8.svg
IN,India,ğŸ‡®ğŸ‡³,1f1ee-1f1f3.svg
ID,Indonesia,ğŸ‡®ğŸ‡©,1f1ee-1f1e9.svg
IR,Iran,ğŸ‡®ğŸ‡·,1f1ee-1f1f7.svg
IQ,Iraq,ğŸ‡®ğŸ‡¶,1f1ee-1f1f6.svg
IE,Ireland,ğŸ‡®ğŸ‡ª,1f1ee-1f1ea.svg
IM,Isle Of Man,ğŸ‡®ğŸ‡²,1f1ee-1f1f2.svg
IL,Israel,ğŸ‡®ğŸ‡±,1f1ee-1f1f1.svg
IT,Italy,ğŸ‡®ğŸ‡¹,1f1ee-1f1f9.svg
JM,Jamaica,ğŸ‡¯ğŸ‡²,1f1ef-1f1f2.svg
JE,Jersey,ğŸ‡¯ğŸ‡ª,1f1ef-1f1ea.svg
JO,Jordan,ğŸ‡¯ğŸ‡´,1f1ef-1f1f4.svg
JP,Japan,ğŸ‡¯ğŸ‡µ,1f1ef-1f1f5.svg
KZ,Kazakhstan,ğŸ‡°ğŸ‡¿,1f1f0-1f1ff.svg
KE,Kenya,ğŸ‡°ğŸ‡ª,1f1f0-1f1ea.svg
KI,Kiribati,ğŸ‡°ğŸ‡®,1f1f0-1f1ee.svg
XK,Kosovo,ğŸ‡½ğŸ‡°,1f1fd-1f1f0.svg
KR,Korea,ğŸ‡°ğŸ‡·,1f1f0-1f1f7.svg
KW,Kuwait,ğŸ‡°ğŸ‡¼,1f1f0-1f1fc.svg
KG,Kyrgyzstan,ğŸ‡°ğŸ‡¬,1f1f0-1f1ec.svg
LA,Laos,ğŸ‡±ğŸ‡¦,1f1f1-1f1e6.svg
LV,Latvia,ğŸ‡±ğŸ‡»,1f1f1-1f1fb.svg
LB,Lebanon,ğŸ‡±ğŸ‡§,1f1f1-1f1e7.svg
LS,Lesotho,ğŸ‡±ğŸ‡¸,1f1f1-1f1f8.svg
LR,Liberia,ğŸ‡±ğŸ‡·,1f1f1-1f1f7.svg
LY,Libya,ğŸ‡±ğŸ‡¾,1f1f1-1f1fe.svg
LI,Liechtenstein,ğŸ‡±ğŸ‡®,1f1f1-1f1ee.svg
LT,Lithuania,ğŸ‡±ğŸ‡¹,1f1f1-1f1f9.svg
LU,Luxembourg,ğŸ‡±ğŸ‡º,1f1f1-1f1fa.svg
MO,Macau,ğŸ‡²ğŸ‡´,1f1f2-1f1f4.svg
MK,Macedonia,ğŸ‡²ğŸ‡°,1f1f2-1f1f0.svg
MG,Madagascar,ğŸ‡²ğŸ‡¬,1f1f2-1f1ec.svg
MW,Malawi,ğŸ‡²ğŸ‡¼,1f1f2-1f1fc.svg
MY,Malaysia,ğŸ‡²ğŸ‡¾,1f1f2-1f1fe.svg
MV,Maldives,ğŸ‡²ğŸ‡»,1f1f2-1f1fb.svg
ML,Mali,ğŸ‡²ğŸ‡±,1f1f2-1f1f1.svg
MT,Malta,ğŸ‡²ğŸ‡¹,1f1f2-1f1f9.svg
MH,Marshall Islands,ğŸ‡²ğŸ‡­,1f1f2-1f1ed.svg
MQ,Martinique,ğŸ‡²ğŸ‡¶,1f1f2-1f1f6.svg
MR,Mauritania,ğŸ‡²ğŸ‡·,1f1f2-1f1f7.svg
MU,Mauritius,ğŸ‡²ğŸ‡º,1f1f2-1f1fa.svg
YT,Mayotte,ğŸ‡¾ğŸ‡¹,1f1fe-1f1f9.svg
MX,Mexico,ğŸ‡²ğŸ‡½,1f1f2-1f1fd.svg
FM,Micronesia,ğŸ‡«ğŸ‡²,1f1eb-1f1f2.svg
MD,Moldova,ğŸ‡²ğŸ‡©,1f1f2-1f1e9.svg
MC,Monaco,ğŸ‡²ğŸ‡¨,1f1f2-1f1e8.svg
MN,Mongolia,ğŸ‡²ğŸ‡³,1f1f2-1f1f3.svg
ME,Montenegro,ğŸ‡²ğŸ‡ª,1f1f2-1f1ea.svg
MS,Montserrat,ğŸ‡²ğŸ‡¸,1f1f2-1f1f8.svg
MA,Morocco,ğŸ‡²ğŸ‡¦,1f1f2-1f1e6.svg
MZ,Mozambique,ğŸ‡²ğŸ‡¿,1f1f2-1f1ff.svg
MM,Myanmar,ğŸ‡²ğŸ‡²,1f1f2-1f1f2.svg
NA,Namibia,ğŸ‡³ğŸ‡¦,1f1f3-1f1e6.svg
NR,Nauru,ğŸ‡³ğŸ‡·,1f1f3-1f1f7.svg
NP,Nepal,ğŸ‡³ğŸ‡µ,1f1f3-1f1f5.svg
NL,Netherlands,ğŸ‡³ğŸ‡±,1f1f3-1f1f1.svg
NC,New Caledonia,ğŸ‡³ğŸ‡¨,1f1f3-1f1e8.svg
NZ,New Zealand,ğŸ‡³ğŸ‡¿,1f1f3-1f1ff.svg
NI,Nicaragua,ğŸ‡³ğŸ‡®,1f1f3-1f1ee.svg
NE,Niger,ğŸ‡³ğŸ‡ª,1f1f3-1f1ea.svg
NG,Nigeria,ğŸ‡³ğŸ‡¬,1f1f3-1f1ec.svg
NU,Niue,ğŸ‡³ğŸ‡º,1f1f3-1f1fa.svg
NF,Norfolk Island,ğŸ‡³ğŸ‡«,1f1f3-1f1eb.svg
KP,North Korea,ğŸ‡°ğŸ‡µ,1f1f0-1f1f5.svg
MP,Northern Mariana Islands,ğŸ‡²ğŸ‡µ,1f1f2-1f1f5.svg
NO,Norway,ğŸ‡³ğŸ‡´,1f1f3-1f1f4.svg
OM,Oman,ğŸ‡´ğŸ‡²,1f1f4-1f1f2.svg
PK,Pakistan,ğŸ‡µğŸ‡°,1f1f5-1f1f0.svg
PW,Palau,ğŸ‡µğŸ‡¼,1f1f5-1f1fc.svg
PS,Palestinian Territories,ğŸ‡µğŸ‡¸,1f1f5-1f1f8.svg
PA,Panama,ğŸ‡µğŸ‡¦,1f1f5-1f1e6.svg
PG,Papua New Guinea,ğŸ‡µğŸ‡¬,1f1f5-1f1ec.svg
PY,Paraguay,ğŸ‡µğŸ‡¾,1f1f5-1f1fe.svg
PE,Peru,ğŸ‡µğŸ‡ª,1f1f5-1f1ea.svg
PH,Philippines,ğŸ‡µğŸ‡­,1f1f5-1f1ed.svg
PN,Pitcairn Islands,ğŸ‡µğŸ‡³,1f1f5-1f1f3.svg
PL,Poland,ğŸ‡µğŸ‡±,1f1f5-1f1f1.svg
PT,Portugal,ğŸ‡µğŸ‡¹,1f1f5-1f1f9.svg
PR,Puerto Rico,ğŸ‡µğŸ‡·,1f1f5-1f1f7.svg
QA,Qatar,ğŸ‡¶ğŸ‡¦,1f1f6-1f1e6.svg
RE,Reunion,ğŸ‡·ğŸ‡ª,1f1f7-1f1ea.svg
RO,Romania,ğŸ‡·ğŸ‡´,1f1f7-1f1f4.svg
RU,Russia,ğŸ‡·ğŸ‡º,1f1f7-1f1fa.svg
RW,Rwanda,ğŸ‡·ğŸ‡¼,1f1f7-1f1fc.svg
WS,Samoa,ğŸ‡¼ğŸ‡¸,1f1fc-1f1f8.svg
SM,San Marino,ğŸ‡¸ğŸ‡²,1f1f8-1f1f2.svg
ST,Sao Tome Principe,ğŸ‡¸ğŸ‡¹,1f1f8-1f1f9.svg
SA,Saudi Arabia,ğŸ‡¸ğŸ‡¦,1f1f8-1f1e6.svg
SN,Senegal,ğŸ‡¸ğŸ‡³,1f1f8-1f1f3.svg
RS,Serbia,ğŸ‡·ğŸ‡¸,1f1f7-1f1f8.svg
SC,Seychelles,ğŸ‡¸ğŸ‡¨,1f1f8-1f1e8.svg
SL,Sierra Leone,ğŸ‡¸ğŸ‡±,1f1f8-1f1f1.svg
SG,Singapore,ğŸ‡¸ğŸ‡¬,1f1f8-1f1ec.svg
SX,Sint Maarten,ğŸ‡¸ğŸ‡½,1f1f8-1f1fd.svg
SK,Slovakia,ğŸ‡¸ğŸ‡°,1f1f8-1f1f0.svg
SI,Slovenia,ğŸ‡¸ğŸ‡®,1f1f8-1f1ee.svg
SB,Solomon Islands,ğŸ‡¸ğŸ‡§,1f1f8-1f1e7.svg
SO,Somalia,ğŸ‡¸ğŸ‡´,1f1f8-1f1f4.svg
ZA,South Africa,ğŸ‡¿ğŸ‡¦,1f1ff-1f1e6.svg
GS,South Georgia South Sandwich Islands,ğŸ‡¬ğŸ‡¸,1f1ec-1f1f8.svg
SS,South Sudan,ğŸ‡¸ğŸ‡¸,1f1f8-1f1f8.svg
LK,Sri Lanka,ğŸ‡±ğŸ‡°,1f1f1-1f1f0.svg
BL,St Barthelemy,ğŸ‡§ğŸ‡±,1f1e7-1f1f1.svg
SH,St Helena,ğŸ‡¸ğŸ‡­,1f1f8-1f1ed.svg
KN,St Kitts Nevis,ğŸ‡°ğŸ‡³,1f1f0-1f1f3.svg
LC,St Lucia,ğŸ‡±ğŸ‡¨,1f1f1-1f1e8.svg
MF,St Martin,ğŸ‡²ğŸ‡«,1f1f2-1f1eb.svg
PM,St Pierre Miquelon,ğŸ‡µğŸ‡²,1f1f5-1f1f2.svg
VC,St Vincent Grenadines,ğŸ‡»ğŸ‡¨,1f1fb-1f1e8.svg
SD,Sudan,ğŸ‡¸ğŸ‡©,1f1f8-1f1e9.svg
SR,Suriname,ğŸ‡¸ğŸ‡·,1f1f8-1f1f7.svg
SJ,Svalbard Jan Mayen,ğŸ‡¸ğŸ‡¯,1f1f8-1f1ef.svg
SZ,Swaziland,ğŸ‡¸ğŸ‡¿,1f1f8-1f1ff.svg
SE,Sweden,ğŸ‡¸ğŸ‡ª,1f1f8-1f1ea.svg
CH,Switzerland,ğŸ‡¨ğŸ‡­,1f1e8-1f1ed.svg
SY,Syria,ğŸ‡¸ğŸ‡¾,1f1f8-1f1fe.svg
TW,Taiwan,ğŸ‡¹ğŸ‡¼,1f1f9-1f1fc.svg
TJ,Tajikistan,ğŸ‡¹ğŸ‡¯,1f1f9-1f1ef.svg
TZ,Tanzania,ğŸ‡¹ğŸ‡¿,1f1f9-1f1ff.svg
TH,Thailand,ğŸ‡¹ğŸ‡­,1f1f9-1f1ed.svg
TL,Timor Leste,ğŸ‡¹ğŸ‡±,1f1f9-1f1f1.svg
TG,Togo,ğŸ‡¹ğŸ‡¬,1f1f9-1f1ec.svg
TK,Tokelau,ğŸ‡¹ğŸ‡°,1f1f9-1f1f0.svg
TO,Tonga,ğŸ‡¹ğŸ‡´,1f1f9-1f1f4.svg
TR,Turkey,ğŸ‡¹ğŸ‡·,1f1f9-1f1f7.svg
TT,Trinidad Tobago,ğŸ‡¹ğŸ‡¹,1f1f9-1f1f9.svg
TA,Tristan Da Cunha,ğŸ‡¹ğŸ‡¦,1f1f9-1f1e6.svg
TN,Tunisia,ğŸ‡¹ğŸ‡³,1f1f9-1f1f3.svg
TM,Turkmenistan,ğŸ‡¹ğŸ‡²,1f1f9-1f1f2.svg
TC,Turks Caicos Islands,ğŸ‡¹ğŸ‡¨,1f1f9-1f1e8.svg
TV,Tuvalu,ğŸ‡¹ğŸ‡»,1f1f9-1f1fb.svg
UG,Uganda,ğŸ‡ºğŸ‡¬,1f1fa-1f1ec.svg
UA,Ukraine,ğŸ‡ºğŸ‡¦,1f1fa-1f1e6.svg
AE,United Arab Emirates,ğŸ‡¦ğŸ‡ª,1f1e6-1f1ea.svg
UN,United Nations,ğŸ‡ºğŸ‡³,1f1fa-1f1f3.svg
UY,Uruguay,ğŸ‡ºğŸ‡¾,1f1fa-1f1fe.svg
US,United States,ğŸ‡ºğŸ‡¸,1f1fa-1f1f8.svg
UM,US Outlying Islands,ğŸ‡ºğŸ‡²,1f1fa-1f1f2.svg
VI,US Virgin Islands,ğŸ‡»ğŸ‡®,1f1fb-1f1ee.svg
UZ,Uzbekistan,ğŸ‡ºğŸ‡¿,1f1fa-1f1ff.svg
VU,Vanuatu,ğŸ‡»ğŸ‡º,1f1fb-1f1fa.svg
VA,Vatican City,ğŸ‡»ğŸ‡¦,1f1fb-1f1e6.svg
VE,Venezuela,ğŸ‡»ğŸ‡ª,1f1fb-1f1ea.svg
VN,Viet Nam,ğŸ‡»ğŸ‡³,1f1fb-1f1f3.svg
WF,Wallis Futuna,ğŸ‡¼ğŸ‡«,1f1fc-1f1eb.svg
EH,Western Sahara,ğŸ‡ªğŸ‡­,1f1ea-1f1ed.svg
YE,Yemen,ğŸ‡¾ğŸ‡ª,1f1fe-1f1ea.svg
ZM,Zambia,ğŸ‡¿ğŸ‡²,1f1ff-1f1f2.svg
ZW,Zimbabwe,ğŸ‡¿ğŸ‡¼,1f1ff-1f1fc.svg
